[
    {
        "_id":"4556777654ffbfa",
        "title":"Cultiver l'Avenir : Une Unité de Culture Hydroponique innovante de H-FABLAB en Côte d'Ivoire",
        "date":{
            "jour":25,
            "mois":"Août",
            "Année":2023
             },
        "image":"blog/H-Fablab_image-2.jpg",
        "cat__label":["Agriculture", "IoT"]

    },
    {
        "_id":"4556777654ffcfb",
        "title":"De l'Idée à la Réalité : Mise en Place d'une Couveuse Hybride Écologique par l'Équipe H-FABLAB",
        "date":{
            "jour":25,
            "mois":"Août",
            "Année":2023
             },
        "image":"blog/H-Fablab_image-2.jpg",
        "cat__label":["Electroniaue", "IoT"]

    },
    {
        "_id":"4556777654ffcfc",
        "title":"Fabriquer un Déshydrateur de Fruits et Légumes Économique",
        "date":{
            "jour":25,
            "mois":"Août",
            "Année":2023
             },
        "image":"blog/H-Fablab_image-2.jpg",
        "cat__label":["Agriculture", "IoT"]

    },
    {
        "_id":"4556777654ffcfd",
        "title":"Découvrez les temps forts du TECH CAMP de l'été 2022!",
        "date":{
            "jour":25,
            "mois":"Août",
            "Année":2023
             },
        "image":"blog/H-Fablab_image-2.jpg",
        "cat__label":["Agriculture", "IoT"]

    }
]