{
    "blog_posts": [
      {
        "_id": "4556777654ffbfa",
        "title": "Cultiver l'Avenir : Une Unité de Culture Hydroponique...",
        "link_title": "cultiver-lavenir-une-unite-de-culture-hydroponique-innovante-de-h-fablab-en-cote-divoire",
        "full_title": "Cultiver l'Avenir : Une Unité de Culture Hydroponique innovante de H-FABLAB en Côte d'Ivoire",
        "date": {
          "jour": 25,
          "mois": "Août",
          "Année": 2023
        },
        "image": "blog/IMG_20220923_172021_142.jpg",
        "cat__label": ["Agriculture", "IoT"]
      },
      {
        "_id": "4556777654ffcfb",
        "title": "De l'Idée à la Réalité : Mise en Place d'une Couveuse ...",
        "link_title": "de-lidee-a-la-realite-mise-en-place-dune-couveuse-hybride-ecologique-par-lequipe-h-fablab",
        "full_title": "De l'Idée à la Réalité : Mise en Place d'une Couveuse Hybride Écologique par l'Équipe H-FABLAB",
        "date": {
          "jour": 25,
          "mois": "Août",
          "Année": 2023
        },
        "image": "blog/Coveuse.PNG",
        "cat__label": ["Electroniaue", "IoT"]
      },
      {
        "_id": "4556777654ffcfc",
        "title": "Fabriquer un Déshydrateur de Fruits et Légumes Économique",
        "link_title": "fabriquer-un-deshydrateur-de-fruits-et-legumes-economique",
        "full_title": "Fabriquer un Déshydrateur de Fruits et Légumes Économique",
        "date": {
          "jour": 25,
          "mois": "Août",
          "Année": 2023
        },
        "image": "blog/IMG_20221001_142133_391.jpg",
        "cat__label": ["Agriculture", "IoT"]
      },
      {
        "_id": "4556777654ffcfd",
        "title": "Découvrez les temps forts du TECH CAMP de l'été 2022!",
        "link_title": "decouvrez-les-temps-forts-du-tech-camp-de-lete-2022",
        "full_title": "Découvrez les temps forts du TECH CAMP de l'été 2022!",
        "date": {
          "jour": 25,
          "mois": "Août",
          "Année": 2023
        },
        "image": "blog/H-Fablab_image-2.jpg",
        "cat__label": ["Agriculture", "IoT"]
      }
    ]
  }
  